market,model,IC_mean,IC_std,ICIR_mean,ICIR_std,RankIC_mean,RankIC_std,RankICIR_mean,RankICIR_std,AR_mean,AR_std,STD_mean,STD_std,MDD_mean,MDD_std,Sharpe_mean,Sharpe_std,Sortino_mean,Sortino_std,Calmar_mean,Calmar_std
csi300,master,0.04057009393470042,0.007776239562802714,0.22002688869393064,0.043629310417240656,0.06212155888732916,0.007907716103079733,0.3389348669040858,0.04096772331863572,0.20613611894821485,0.03619069324249264,0.1353660790414273,0.013319170186002744,-0.10829567384622445,0.023581430526204716,1.3948432726608366,0.27712681006520856,2.658853360449367,0.5641441197344884,1.9865733818387845,0.6270307788554359
sp500,master,0.0018847099002246143,0.004691867410373803,0.015807761558616355,0.040011854811018335,0.003583294596237331,0.005011375678055204,0.02898409916424747,0.04155505943894507,0.12494311306352475,0.026151574969653594,0.16038784975001003,0.008631856262266894,-0.20131544144215746,0.029887796367547508,0.728512101501828,0.10806244580314588,1.0401752943677942,0.16404297131273554,0.6290971284188089,0.15150859107101478
